{
    "metrics": {
        "http_req_sending": {
            "p(95)": 0.1387886,
            "avg": 0.10447328668555217,
            "min": 0.045561,
            "med": 0.104627,
            "max": 0.231009,
            "p(90)": 0.1306382
        },
        "iteration_duration": {
            "p(95)": 1918.14343675,
            "avg": 1784.2466092441675,
            "min": 848.490698,
            "med": 1407.2683984999999,
            "max": 31464.167725,
            "p(90)": 1830.4224955
        },
        "http_req_blocked": {
            "avg": 0.13928447025495752,
            "min": 0.000314,
            "med": 0.00058,
            "max": 75.993337,
            "p(90)": 0.000855,
            "p(95)": 0.0009048
        },
        "data_sent": {
            "count": 204013,
            "rate": 602.3908431831268
        },
        "http_req_duration": {
            "p(90)": 464.5634286000001,
            "p(95)": 630.1779991999998,
            "avg": 759.9091973269118,
            "min": 318.831299,
            "med": 374.957665,
            "max": 30016.034928
        },
        "vus_max": {
            "value": 10,
            "min": 10,
            "max": 10
        },
        "iterations": {
            "count": 1715,
            "rate": 5.063894438389036
        },
        "checks": {
            "passes": 1696,
            "fails": 19,
            "value": 0.9889212827988338
        },
        "http_req_tls_handshaking": {
            "p(90)": 0,
            "p(95)": 0,
            "avg": 0.09594228271954673,
            "min": 0,
            "med": 0,
            "max": 40.786392
        },
        "http_req_failed": {
            "passes": 19,
            "fails": 1746,
            "value": 0.01076487252124646
        },
        "http_req_receiving": {
            "p(95)": 0.481082,
            "avg": 0.28877714390934855,
            "min": 0.103661,
            "med": 0.223495,
            "max": 3.11657,
            "p(90)": 0.4450764
        },
        "data_received": {
            "rate": 57213.414773145545,
            "count": 19376590
        },
        "errors": {
            "passes": 19,
            "fails": 1696,
            "thresholds": {
                "rate<0.1": false
            },
            "value": 0.011078717201166181
        },
        "http_reqs": {
            "count": 1765,
            "rate": 5.211529844756063
        },
        "http_req_waiting": {
            "min": 318.504678,
            "med": 374.437389,
            "max": 30015.783307,
            "p(90)": 464.1386724000001,
            "p(95)": 629.8837507999999,
            "avg": 759.5159468963167
        },
        "http_req_connecting": {
            "p(90)": 0,
            "p(95)": 0,
            "avg": 0.00980508611898017,
            "min": 0,
            "med": 0,
            "max": 2.114995
        },
        "vus": {
            "value": 1,
            "min": 0,
            "max": 10
        },
        "http_req_duration{expected_response:true}": {
            "med": 374.362203,
            "max": 15991.515907,
            "p(90)": 456.6383115,
            "p(95)": 555.93933525,
            "avg": 441.6004674163806,
            "min": 318.831299
        }
    },
    "root_group": {
        "groups": {
            "setup": {
                "name": "setup",
                "path": "::setup",
                "id": "5c0f8025f7e0b6654089e5b00e950f1a",
                "groups": {},
                "checks": {}
            }
        },
        "checks": {
            "status was 200": {
                "name": "status was 200",
                "path": "::status was 200",
                "id": "1461660757a913d4fb82ac4c5e1009de",
                "passes": 1696,
                "fails": 19
            }
        },
        "name": "",
        "path": "",
        "id": "d41d8cd98f00b204e9800998ecf8427e"
    }
}