{
    "metrics": {
        "http_req_waiting": {
            "p(90)": 396.240045,
            "p(95)": 491.68375225,
            "avg": 1111.9963016246631,
            "min": 289.114193,
            "med": 328.215775,
            "max": 30013.477736
        },
        "http_req_duration{expected_response:true}": {
            "p(95)": 429.94253,
            "avg": 410.49970131922305,
            "min": 289.332292,
            "med": 327.824756,
            "max": 15796.318996,
            "p(90)": 387.499273
        },
        "iteration_duration": {
            "med": 1365.513744,
            "max": 31475.93902,
            "p(90)": 1788.0883436000001,
            "p(95)": 1840.3693457000002,
            "avg": 2160.434010678347,
            "min": 807.829809
        },
        "http_req_blocked": {
            "med": 0.000557,
            "max": 65.677706,
            "p(90)": 0.000842,
            "p(95)": 0.0009065,
            "avg": 0.13390824051490527,
            "min": 0.000288
        },
        "errors": {
            "passes": 35,
            "fails": 1391,
            "thresholds": {
                "rate<0.1": false
            },
            "value": 0.024544179523141654
        },
        "http_req_connecting": {
            "avg": 0.010407579945799458,
            "min": 0,
            "med": 0,
            "max": 2.345363,
            "p(90)": 0,
            "p(95)": 0
        },
        "http_req_sending": {
            "med": 0.099026,
            "max": 0.313891,
            "p(90)": 0.123435,
            "p(95)": 0.134197,
            "avg": 0.09703459214092153,
            "min": 0.043294
        },
        "data_sent": {
            "rate": 496.15720216478206,
            "count": 170923
        },
        "http_req_receiving": {
            "avg": 0.2766239864498649,
            "min": 0.084597,
            "med": 0.20558300000000002,
            "max": 9.908691,
            "p(90)": 0.4290075,
            "p(95)": 0.47359450000000003
        },
        "vus": {
            "value": 1,
            "min": 0,
            "max": 10
        },
        "vus_max": {
            "value": 10,
            "min": 10,
            "max": 10
        },
        "http_req_tls_handshaking": {
            "min": 0,
            "med": 0,
            "max": 45.416213,
            "p(90)": 0,
            "p(95)": 0,
            "avg": 0.10810066531165313
        },
        "http_req_failed": {
            "passes": 35,
            "fails": 1441,
            "value": 0.023712737127371274
        },
        "checks": {
            "passes": 1391,
            "fails": 35,
            "value": 0.9754558204768583
        },
        "iterations": {
            "rate": 4.1394087997927675,
            "count": 1426
        },
        "data_received": {
            "count": 16930171,
            "rate": 49145.090336182555
        },
        "http_reqs": {
            "count": 1476,
            "rate": 4.284549360795319
        },
        "http_req_duration": {
            "p(90)": 396.5691515,
            "p(95)": 492.02421175,
            "avg": 1112.3699602032532,
            "min": 289.332292,
            "med": 328.651297,
            "max": 30013.649121
        }
    },
    "root_group": {
        "checks": {
            "status was 200": {
                "name": "status was 200",
                "path": "::status was 200",
                "id": "1461660757a913d4fb82ac4c5e1009de",
                "passes": 1391,
                "fails": 35
            }
        },
        "name": "",
        "path": "",
        "id": "d41d8cd98f00b204e9800998ecf8427e",
        "groups": {
            "setup": {
                "name": "setup",
                "path": "::setup",
                "id": "5c0f8025f7e0b6654089e5b00e950f1a",
                "groups": {},
                "checks": {}
            }
        }
    }
}