{
    "metrics": {
        "iterations": {
            "rate": 4.822357660938259,
            "count": 1671
        },
        "http_req_failed": {
            "passes": 24,
            "fails": 1697,
            "value": 0.013945380592678676
        },
        "http_req_connecting": {
            "p(90)": 0,
            "p(95)": 0,
            "avg": 0.00949499012202208,
            "min": 0,
            "med": 0,
            "max": 1.923599
        },
        "http_reqs": {
            "count": 1721,
            "rate": 4.9666532223068485
        },
        "errors": {
            "passes": 24,
            "fails": 1647,
            "thresholds": {
                "rate<0.1": false
            },
            "value": 0.01436265709156194
        },
        "http_req_blocked": {
            "med": 0.000569,
            "max": 53.311995,
            "p(90)": 0.000846,
            "p(95)": 0.000917,
            "avg": 0.1115576961069145,
            "min": 0.000334
        },
        "http_req_receiving": {
            "min": 0.104379,
            "med": 0.223503,
            "max": 7.683489,
            "p(90)": 0.433807,
            "p(95)": 0.478906,
            "avg": 0.2953842486926209
        },
        "data_received": {
            "rate": 54348.36620861233,
            "count": 18832307
        },
        "vus": {
            "value": 1,
            "min": 0,
            "max": 10
        },
        "http_req_sending": {
            "avg": 0.10222874723997692,
            "min": 0.045234,
            "med": 0.103294,
            "max": 0.268295,
            "p(90)": 0.128469,
            "p(95)": 0.137501
        },
        "http_req_duration{expected_response:true}": {
            "med": 371.326923,
            "max": 3786.652789,
            "p(90)": 445.23680320000005,
            "p(95)": 522.8511761999995,
            "avg": 415.25287629640525,
            "min": 316.841928
        },
        "vus_max": {
            "value": 10,
            "min": 10,
            "max": 10
        },
        "checks": {
            "passes": 1647,
            "fails": 24,
            "value": 0.9856373429084381
        },
        "data_sent": {
            "count": 198359,
            "rate": 572.4464651502407
        },
        "http_req_duration": {
            "max": 30017.326298,
            "p(90)": 454.28925,
            "p(95)": 602.664315,
            "avg": 810.6091878036024,
            "min": 101.621698,
            "med": 372.048424
        },
        "iteration_duration": {
            "max": 31451.240825,
            "p(90)": 1830.3814921,
            "p(95)": 1906.704723699999,
            "avg": 1835.1562266148335,
            "min": 841.051654,
            "med": 1401.30225
        },
        "http_req_waiting": {
            "p(95)": 602.271679,
            "avg": 810.211574807671,
            "min": 101.358146,
            "med": 371.684691,
            "max": 30017.095789,
            "p(90)": 453.947538
        },
        "http_req_tls_handshaking": {
            "med": 0,
            "max": 36.413212,
            "p(90)": 0,
            "p(95)": 0,
            "avg": 0.0903823009877978,
            "min": 0
        }
    },
    "root_group": {
        "name": "",
        "path": "",
        "id": "d41d8cd98f00b204e9800998ecf8427e",
        "groups": {
            "setup": {
                "groups": {},
                "checks": {},
                "name": "setup",
                "path": "::setup",
                "id": "5c0f8025f7e0b6654089e5b00e950f1a"
            }
        },
        "checks": {
            "status was 200": {
                "fails": 24,
                "name": "status was 200",
                "path": "::status was 200",
                "id": "1461660757a913d4fb82ac4c5e1009de",
                "passes": 1647
            }
        }
    }
}