{
    "metrics": {
        "http_req_waiting": {
            "p(95)": 389.2751058,
            "avg": 269.6633026721452,
            "min": 198.949732,
            "med": 248.109926,
            "max": 1327.509301,
            "p(90)": 311.16032780000023
        },
        "http_req_duration{expected_response:true}": {
            "med": 248.251263,
            "max": 1327.619565,
            "p(90)": 311.2850474000002,
            "p(95)": 389.43352120000003,
            "avg": 269.82327951622483,
            "min": 199.072646
        },
        "http_req_blocked": {
            "avg": 0.4260110986093553,
            "min": 0.002287,
            "med": 0.005375,
            "max": 100.773398,
            "p(90)": 0.0068264000000000016,
            "p(95)": 0.007731200000000001
        },
        "http_req_connecting": {
            "p(95)": 0,
            "avg": 0.05168882132321955,
            "min": 0,
            "med": 0,
            "max": 12.539302,
            "p(90)": 0
        },
        "vus_max": {
            "value": 10,
            "min": 10,
            "max": 10
        },
        "checks": {
            "passes": 4746,
            "fails": 0,
            "value": 1
        },
        "iterations": {
            "count": 2373,
            "rate": 7.887315102266511
        },
        "http_req_failed": {
            "passes": 0,
            "fails": 2373,
            "value": 0
        },
        "http_req_sending": {
            "max": 0.434172,
            "p(90)": 0.041729800000000004,
            "p(95)": 0.04932,
            "avg": 0.032403514117151345,
            "min": 0.011742,
            "med": 0.03141
        },
        "http_reqs": {
            "count": 2373,
            "rate": 7.887315102266511
        },
        "http_req_duration": {
            "avg": 269.82327951622483,
            "min": 199.072646,
            "med": 248.251263,
            "max": 1327.619565,
            "p(90)": 311.2850474000002,
            "p(95)": 389.43352120000003
        },
        "iteration_duration": {
            "med": 1259.797654,
            "max": 2426.832288,
            "p(90)": 1671.5359938000001,
            "p(95)": 1723.5404422000001,
            "avg": 1266.071943174459,
            "min": 719.996408
        },
        "vus": {
            "value": 10,
            "min": 10,
            "max": 10
        },
        "http_req_tls_handshaking": {
            "max": 60.806085,
            "p(90)": 0,
            "p(95)": 0,
            "avg": 0.2526141567635904,
            "min": 0,
            "med": 0
        },
        "errors": {
            "passes": 0,
            "fails": 2373,
            "thresholds": {
                "rate<0.1": false
            },
            "value": 0
        },
        "data_sent": {
            "count": 751545,
            "rate": 2497.9655408903855
        },
        "wrong body": {
            "passes": 2373,
            "fails": 0,
            "value": 1
        },
        "http_req_receiving": {
            "max": 13.4559,
            "p(90)": 0.13506520000000002,
            "p(95)": 0.16063920000000004,
            "avg": 0.12757332996207338,
            "min": 0.048095,
            "med": 0.101593
        },
        "data_received": {
            "count": 27975382,
            "rate": 92983.84026138841
        }
    },
    "root_group": {
        "groups": {},
        "checks": {
                "status was 200": {
                    "name": "status was 200",
                    "path": "::status was 200",
                    "id": "1461660757a913d4fb82ac4c5e1009de",
                    "passes": 2373,
                    "fails": 0
                },
                "content matches expected": {
                    "path": "::content matches expected",
                    "id": "caeacfe35c3a2dedc8513ba8f9fab55e",
                    "passes": 2373,
                    "fails": 0,
                    "name": "content matches expected"
                }
            },
        "name": "",
        "path": "",
        "id": "d41d8cd98f00b204e9800998ecf8427e"
    }
}