{
    "metrics": {
        "data_sent": {
            "count": 166145,
            "rate": 478.66051163076185
        },
        "http_req_blocked": {
            "min": 0.000331,
            "med": 0.0005625000000000001,
            "max": 54.181104,
            "p(90)": 0.0008518000000000002,
            "p(95)": 0.0009242500000000002,
            "avg": 0.13394687220670387
        },
        "http_req_waiting": {
            "avg": 1164.8169877381295,
            "min": 287.786013,
            "med": 331.309848,
            "max": 30014.984747,
            "p(90)": 404.5105629000001,
            "p(95)": 522.2888837500003
        },
        "vus": {
            "value": 1,
            "min": 0,
            "max": 10
        },
        "http_req_receiving": {
            "med": 0.208791,
            "max": 7.816909,
            "p(90)": 0.4426916,
            "p(95)": 0.48596160000000005,
            "avg": 0.28458793156424533,
            "min": 0.098467
        },
        "http_req_sending": {
            "avg": 0.10183816480446942,
            "min": 0.041057,
            "med": 0.1028645,
            "max": 0.231682,
            "p(90)": 0.1288613,
            "p(95)": 0.14216165
        },
        "iterations": {
            "count": 1382,
            "rate": 3.9815151047200508
        },
        "http_req_failed": {
            "passes": 37,
            "fails": 1395,
            "value": 0.025837988826815643
        },
        "http_req_duration": {
            "min": 288.258817,
            "med": 331.5915015,
            "max": 30015.202912,
            "p(90)": 404.72398310000005,
            "p(95)": 522.7151283000003,
            "avg": 1165.2034138344982
        },
        "vus_max": {
            "value": 10,
            "min": 10,
            "max": 10
        },
        "http_req_connecting": {
            "p(95)": 0,
            "avg": 0.01021660684357542,
            "min": 0,
            "med": 0,
            "max": 2.072748,
            "p(90)": 0
        },
        "checks": {
            "passes": 1345,
            "fails": 37,
            "value": 0.9732272069464544
        },
        "http_req_tls_handshaking": {
            "avg": 0.10996960405027933,
            "min": 0,
            "med": 0,
            "max": 37.02403,
            "p(90)": 0,
            "p(95)": 0
        },
        "errors": {
            "passes": 37,
            "fails": 1345,
            "thresholds": {
                "rate<0.1": false
            },
            "value": 0.026772793053545588
        },
        "iteration_duration": {
            "avg": 2216.6681392039095,
            "min": 811.677587,
            "med": 1372.688225,
            "max": 31498.795903,
            "p(90)": 1774.2749982,
            "p(95)": 1828.8758117999996
        },
        "http_req_duration{expected_response:true}": {
            "max": 15824.74665,
            "p(90)": 388.00075720000007,
            "p(95)": 428.6397406,
            "avg": 400.13696631326115,
            "min": 288.258817,
            "med": 330.992505
        },
        "data_received": {
            "count": 16393739,
            "rate": 47230.04301833443
        },
        "http_reqs": {
            "count": 1432,
            "rate": 4.125564131663613
        }
    },
    "root_group": {
        "checks": {
            "status was 200": {
                "name": "status was 200",
                "path": "::status was 200",
                "id": "1461660757a913d4fb82ac4c5e1009de",
                "passes": 1345,
                "fails": 37
            }
        },
        "name": "",
        "path": "",
        "id": "d41d8cd98f00b204e9800998ecf8427e",
        "groups": {
            "setup": {
                "id": "5c0f8025f7e0b6654089e5b00e950f1a",
                "groups": {},
                "checks": {},
                "name": "setup",
                "path": "::setup"
            }
        }
    }
}