{
    "root_group": {
        "name": "",
        "path": "",
        "id": "d41d8cd98f00b204e9800998ecf8427e",
        "groups": {
            "setup": {
                "id": "5c0f8025f7e0b6654089e5b00e950f1a",
                "groups": {},
                "checks": {},
                "name": "setup",
                "path": "::setup"
            }
        },
        "checks": {
            "status was 200": {
                "id": "1461660757a913d4fb82ac4c5e1009de",
                "passes": 1304,
                "fails": 41,
                "name": "status was 200",
                "path": "::status was 200"
            }
        }
    },
    "metrics": {
        "vus": {
            "min": 0,
            "max": 10,
            "value": 1
        },
        "http_reqs": {
            "count": 1395,
            "rate": 4.074042610046677
        },
        "http_req_connecting": {
            "p(95)": 0,
            "avg": 0.012069749103942654,
            "min": 0,
            "med": 0,
            "max": 2.280332,
            "p(90)": 0
        },
        "vus_max": {
            "max": 10,
            "value": 10,
            "min": 10
        },
        "data_received": {
            "count": 15916254,
            "rate": 46482.79354001854
        },
        "http_req_duration": {
            "avg": 1265.6743197684593,
            "min": 283.315445,
            "med": 327.405075,
            "max": 30023.463905,
            "p(90)": 394.97376959999997,
            "p(95)": 485.76723009999984
        },
        "http_req_receiving": {
            "min": 0.078909,
            "med": 0.202478,
            "max": 1.631931,
            "p(90)": 0.4317136000000001,
            "p(95)": 0.47642979999999996,
            "avg": 0.265069863799283
        },
        "http_req_tls_handshaking": {
            "avg": 0.10882826236559141,
            "min": 0,
            "med": 0,
            "max": 37.42112,
            "p(90)": 0,
            "p(95)": 0
        },
        "checks": {
            "passes": 1304,
            "fails": 41,
            "value": 0.9695167286245353
        },
        "http_req_waiting": {
            "avg": 1265.316236864516,
            "min": 282.787327,
            "med": 327.108494,
            "max": 30023.273571,
            "p(90)": 394.64206780000006,
            "p(95)": 485.3566066999999
        },
        "errors": {
            "passes": 41,
            "fails": 1304,
            "thresholds": {
                "rate<0.1": false
            },
            "value": 0.030483271375464683
        },
        "http_req_duration{expected_response:true}": {
            "avg": 395.25812279911366,
            "min": 283.315445,
            "med": 326.510307,
            "max": 15820.344047,
            "p(90)": 376.8669641,
            "p(95)": 413.4511803
        },
        "http_req_sending": {
            "avg": 0.09301304014336917,
            "min": 0.044956,
            "med": 0.093683,
            "max": 0.266993,
            "p(90)": 0.12194100000000001,
            "p(95)": 0.13202239999999998
        },
        "iterations": {
            "count": 1345,
            "rate": 3.9280195774285165
        },
        "http_req_blocked": {
            "p(95)": 0.0008822999999999999,
            "avg": 0.14868558207885293,
            "min": 0.000332,
            "med": 0.00055,
            "max": 74.162712,
            "p(90)": 0.00083
        },
        "http_req_failed": {
            "passes": 41,
            "fails": 1354,
            "value": 0.02939068100358423
        },
        "iteration_duration": {
            "avg": 2301.735827932395,
            "min": 812.601287,
            "med": 1332.141924,
            "max": 31444.93329,
            "p(90)": 1779.4157890000001,
            "p(95)": 1841.4590235
        },
        "data_sent": {
            "count": 161941,
            "rate": 472.94231850435045
        }
    }
}