{
    "metrics": {
        "errors": {
            "fails": 1812,
            "passes": 12,
            "thresholds": {
                "rate<0.1": false
            },
            "value": 0.006578947368421052
        },
        "http_req_receiving": {
            "avg": 0.2841191643543226,
            "min": 0.083526,
            "med": 0.22436699999999998,
            "max": 2.879472,
            "p(90)": 0.4337683,
            "p(95)": 0.4758823
        },
        "vus": {
            "value": 7,
            "min": 0,
            "max": 10
        },
        "data_sent": {
            "count": 216622,
            "rate": 669.1964464259719
        },
        "iteration_duration": {
            "max": 31476.354571,
            "p(90)": 1828.3259882,
            "p(95)": 1918.6495638000001,
            "avg": 1659.875025418626,
            "min": 839.92744,
            "med": 1412.956048
        },
        "checks": {
            "passes": 1812,
            "fails": 12,
            "value": 0.993421052631579
        },
        "data_received": {
            "count": 20659453,
            "rate": 63821.92267038613
        },
        "http_req_duration{expected_response:true}": {
            "p(95)": 639.3678195499982,
            "avg": 443.90099928839874,
            "min": 318.7349,
            "med": 373.2827675,
            "max": 16128.603276,
            "p(90)": 449.62821310000004
        },
        "http_req_tls_handshaking": {
            "min": 0,
            "med": 0,
            "max": 36.460476,
            "p(90)": 0,
            "p(95)": 0,
            "avg": 0.09906614514407686
        },
        "http_req_connecting": {
            "avg": 0.009032506937033082,
            "min": 0,
            "med": 0,
            "max": 1.834029,
            "p(90)": 0,
            "p(95)": 0
        },
        "http_req_duration": {
            "p(95)": 675.84427005,
            "avg": 633.2324364188901,
            "min": 318.7349,
            "med": 373.66038249999997,
            "max": 30014.89376,
            "p(90)": 459.04565610000003
        },
        "http_req_waiting": {
            "min": 318.193942,
            "med": 373.3110715,
            "max": 30014.695207,
            "p(90)": 458.65305500000005,
            "p(95)": 675.50997945,
            "avg": 632.8555205032017
        },
        "http_reqs": {
            "count": 1874,
            "rate": 5.789227966699002
        },
        "http_req_failed": {
            "passes": 12,
            "fails": 1862,
            "value": 0.0064034151547491995
        },
        "iterations": {
            "count": 1824,
            "rate": 5.63476617463126
        },
        "http_req_blocked": {
            "max": 69.660696,
            "p(90)": 0.000832,
            "p(95)": 0.0008976999999999998,
            "avg": 0.13649366435432228,
            "min": 0.000323,
            "med": 0.000553
        },
        "http_req_sending": {
            "avg": 0.0927967513340447,
            "min": 0.042923,
            "med": 0.09247649999999999,
            "max": 1.100442,
            "p(90)": 0.1225459,
            "p(95)": 0.13141409999999998
        },
        "vus_max": {
            "value": 10,
            "min": 10,
            "max": 10
        }
    },
    "root_group": {
        "groups": {
            "setup": {
                "name": "setup",
                "path": "::setup",
                "id": "5c0f8025f7e0b6654089e5b00e950f1a",
                "groups": {},
                "checks": {}
            }
        },
        "checks": {
            "status was 200": {
                "name": "status was 200",
                "path": "::status was 200",
                "id": "1461660757a913d4fb82ac4c5e1009de",
                "passes": 1812,
                "fails": 12
            }
        },
        "name": "",
        "path": "",
        "id": "d41d8cd98f00b204e9800998ecf8427e"
    }
}