{
    "metrics": {
        "data_sent": {
            "count": 164488,
            "rate": 476.94279045293115
        },
        "http_req_duration{expected_response:true}": {
            "med": 329.7808425,
            "max": 15774.440353,
            "p(90)": 385.6210535,
            "p(95)": 437.35010975,
            "avg": 420.09667438600394,
            "min": 288.217721
        },
        "iteration_duration": {
            "max": 31506.147255,
            "p(90)": 1781.5248788000001,
            "p(95)": 1855.0359222,
            "avg": 2261.6481383134555,
            "min": 810.192871,
            "med": 1378.174062
        },
        "vus_max": {
            "value": 10,
            "min": 10,
            "max": 10
        },
        "checks": {
            "passes": 1336,
            "fails": 38,
            "value": 0.9723435225618632
        },
        "errors": {
            "passes": 38,
            "fails": 1336,
            "thresholds": {
                "rate<0.1": false
            },
            "value": 0.027656477438136828
        },
        "http_reqs": {
            "count": 1424,
            "rate": 4.128973138496267
        },
        "http_req_blocked": {
            "p(90)": 0.00085,
            "p(95)": 0.0009058499999999999,
            "avg": 0.15098578511235983,
            "min": 0.000316,
            "med": 0.000564,
            "max": 75.443521
        },
        "http_req_connecting": {
            "max": 1.811609,
            "p(90)": 0,
            "p(95)": 0,
            "avg": 0.009748601825842697,
            "min": 0,
            "med": 0
        },
        "http_req_tls_handshaking": {
            "p(90)": 0,
            "p(95)": 0,
            "avg": 0.11323444382022474,
            "min": 0,
            "med": 0,
            "max": 38.143172
        },
        "http_req_sending": {
            "avg": 0.09871967626404494,
            "min": 0.040318,
            "med": 0.099917,
            "max": 0.473311,
            "p(90)": 0.1257393,
            "p(95)": 0.13742274999999998
        },
        "http_req_receiving": {
            "max": 3.395353,
            "p(90)": 0.4204359,
            "p(95)": 0.4531862,
            "avg": 0.27026255617977524,
            "min": 0.096798,
            "med": 0.2052495
        },
        "vus": {
            "value": 1,
            "min": 0,
            "max": 10
        },
        "http_req_waiting": {
            "med": 330.5868445,
            "max": 30019.380044,
            "p(90)": 402.1534954,
            "p(95)": 534.1368779499999,
            "avg": 1209.3389945224717,
            "min": 288.021819
        },
        "iterations": {
            "count": 1374,
            "rate": 3.9839951490827743
        },
        "http_req_failed": {
            "passes": 38,
            "fails": 1386,
            "value": 0.026685393258426966
        },
        "data_received": {
            "count": 16283763,
            "rate": 47215.74439651642
        },
        "http_req_duration": {
            "med": 330.8705865,
            "max": 30019.574423,
            "p(90)": 402.6311297,
            "p(95)": 534.5931671499999,
            "avg": 1209.707976754917,
            "min": 288.217721
        }
    },
    "root_group": {
        "name": "",
        "path": "",
        "id": "d41d8cd98f00b204e9800998ecf8427e",
        "groups": {
            "setup": {
                "id": "5c0f8025f7e0b6654089e5b00e950f1a",
                "groups": {},
                "checks": {},
                "name": "setup",
                "path": "::setup"
            }
        },
        "checks": {
            "status was 200": {
                "fails": 38,
                "name": "status was 200",
                "path": "::status was 200",
                "id": "1461660757a913d4fb82ac4c5e1009de",
                "passes": 1336
            }
        }
    }
}