{
    "root_group": {
        "path": "",
        "id": "d41d8cd98f00b204e9800998ecf8427e",
        "groups": {
            "setup": {
                "path": "::setup",
                "id": "5c0f8025f7e0b6654089e5b00e950f1a",
                "groups": {},
                "checks": {},
                "name": "setup"
            }
        },
        "checks": {
            "status was 200": {
                "name": "status was 200",
                "path": "::status was 200",
                "id": "1461660757a913d4fb82ac4c5e1009de",
                "passes": 1387,
                "fails": 35
            }
        },
        "name": ""
    },
    "metrics": {
        "vus_max": {
            "value": 10,
            "min": 10,
            "max": 10
        },
        "iterations": {
            "count": 1422,
            "rate": 3.758086890115703
        },
        "http_reqs": {
            "count": 1472,
            "rate": 3.8902277793602775
        },
        "http_req_duration": {
            "avg": 1120.7119604612792,
            "min": 161.281627,
            "med": 330.731156,
            "max": 30012.440699,
            "p(90)": 405.9225098,
            "p(95)": 508.83773320000034
        },
        "http_req_sending": {
            "avg": 0.09416888994565209,
            "min": 0.046167,
            "med": 0.095652,
            "max": 0.247157,
            "p(90)": 0.1223004,
            "p(95)": 0.13110975
        },
        "http_req_receiving": {
            "max": 1.464805,
            "p(90)": 0.4259076,
            "p(95)": 0.4676844,
            "avg": 0.2666535686141304,
            "min": 0.084172,
            "med": 0.204272
        },
        "iteration_duration": {
            "p(90)": 1778.9302312,
            "p(95)": 1851.3888586999997,
            "avg": 2168.688021340126,
            "min": 812.523764,
            "med": 1371.04043,
            "max": 48381.336201
        },
        "errors": {
            "passes": 35,
            "fails": 1387,
            "thresholds": {
                "rate<0.1": false
            },
            "value": 0.02461322081575246
        },
        "vus": {
            "min": 0,
            "max": 10,
            "value": 1
        },
        "http_req_waiting": {
            "med": 330.33021,
            "max": 30012.271799,
            "p(90)": 405.5934239,
            "p(95)": 508.4433932500003,
            "avg": 1120.351138002717,
            "min": 161.077783
        },
        "http_req_connecting": {
            "p(95)": 0,
            "avg": 0.01072204483695652,
            "min": 0,
            "med": 0,
            "max": 2.221752,
            "p(90)": 0
        },
        "http_req_duration{expected_response:true}": {
            "avg": 417.2600675612817,
            "min": 288.418072,
            "med": 329.6034735,
            "max": 15751.095047,
            "p(90)": 392.8836725,
            "p(95)": 431.2480315
        },
        "checks": {
            "passes": 1387,
            "fails": 35,
            "value": 0.9753867791842475
        },
        "data_sent": {
            "count": 171298,
            "rate": 452.70940091634293
        },
        "http_req_tls_handshaking": {
            "med": 0,
            "max": 36.132468,
            "p(90)": 0,
            "p(95)": 0,
            "avg": 0.12743969633152175,
            "min": 0
        },
        "http_req_failed": {
            "passes": 36,
            "fails": 1436,
            "value": 0.024456521739130436
        },
        "data_received": {
            "count": 16877310,
            "rate": 44603.65502912704
        },
        "http_req_blocked": {
            "avg": 0.1758128899456523,
            "min": 0.000306,
            "med": 0.000559,
            "max": 56.048766,
            "p(90)": 0.000843,
            "p(95)": 0.000909
        }
    }
}