{
    "metrics": {
        "http_req_waiting": {
            "avg": 1143.9715387422914,
            "min": 287.326098,
            "med": 336.088136,
            "max": 30015.808624,
            "p(90)": 406.6604534,
            "p(95)": 532.6277462999994
        },
        "data_sent": {
            "count": 169590,
            "rate": 495.06864765891993
        },
        "http_req_sending": {
            "p(95)": 0.13193139999999998,
            "avg": 0.0956722467443455,
            "min": 0.044786,
            "med": 0.097118,
            "max": 0.248411,
            "p(90)": 0.1237018
        },
        "iterations": {
            "count": 1409,
            "rate": 4.113165425741012
        },
        "http_req_failed": {
            "passes": 36,
            "fails": 1423,
            "value": 0.02467443454420836
        },
        "http_reqs": {
            "count": 1459,
            "rate": 4.259125873780083
        },
        "checks": {
            "passes": 1373,
            "fails": 36,
            "value": 0.9744499645138396
        },
        "http_req_duration{expected_response:true}": {
            "avg": 414.0920057252288,
            "min": 287.605008,
            "med": 335.84415,
            "max": 15808.220907,
            "p(90)": 393.6632036,
            "p(95)": 435.329101
        },
        "http_req_tls_handshaking": {
            "min": 0,
            "med": 0,
            "max": 34.294451,
            "p(90)": 0,
            "p(95)": 0,
            "avg": 0.10111300205620287
        },
        "data_received": {
            "count": 16725259,
            "rate": 48824.52594418998
        },
        "http_req_duration": {
            "avg": 1144.3501084825214,
            "min": 287.605008,
            "med": 336.527744,
            "max": 30016.02411,
            "p(90)": 407.1035134,
            "p(95)": 533.1392187999995
        },
        "http_req_receiving": {
            "p(90)": 0.42411000000000004,
            "p(95)": 0.47669389999999995,
            "avg": 0.2828974934886915,
            "min": 0.096156,
            "med": 0.206817,
            "max": 8.693726
        },
        "vus": {
            "value": 1,
            "min": 0,
            "max": 10
        },
        "http_req_connecting": {
            "med": 0,
            "max": 2.021836,
            "p(90)": 0,
            "p(95)": 0,
            "avg": 0.010283177518848528,
            "min": 0
        },
        "http_req_blocked": {
            "avg": 0.12554453050034292,
            "min": 0.000288,
            "med": 0.000556,
            "max": 52.344241,
            "p(90)": 0.000838,
            "p(95)": 0.0008931999999999998
        },
        "errors": {
            "passes": 36,
            "fails": 1373,
            "thresholds": {
                "rate<0.1": false
            },
            "value": 0.0255500354861604
        },
        "vus_max": {
            "value": 10,
            "min": 10,
            "max": 10
        },
        "iteration_duration": {
            "p(95)": 1842.48155245,
            "avg": 2181.337339709221,
            "min": 814.482214,
            "med": 1361.781883,
            "max": 31505.968702,
            "p(90)": 1784.4553976
        }
    },
    "root_group": {
        "name": "",
        "path": "",
        "id": "d41d8cd98f00b204e9800998ecf8427e",
        "groups": {
            "setup": {
                "name": "setup",
                "path": "::setup",
                "id": "5c0f8025f7e0b6654089e5b00e950f1a",
                "groups": {},
                "checks": {}
            }
        },
        "checks": {
            "status was 200": {
                "path": "::status was 200",
                "id": "1461660757a913d4fb82ac4c5e1009de",
                "passes": 1373,
                "fails": 36,
                "name": "status was 200"
            }
        }
    }
}