{
    "root_group": {
        "groups": {
            "setup": {
                "checks": {},
                "name": "setup",
                "path": "::setup",
                "id": "5c0f8025f7e0b6654089e5b00e950f1a",
                "groups": {}
            }
        },
        "checks": {
            "status was 200": {
                "id": "1461660757a913d4fb82ac4c5e1009de",
                "passes": 2985,
                "fails": 0,
                "name": "status was 200",
                "path": "::status was 200"
            }
        },
        "name": "",
        "path": "",
        "id": "d41d8cd98f00b204e9800998ecf8427e"
    },
    "metrics": {
        "http_reqs": {
            "count": 3035,
            "rate": 9.971720820234696
        },
        "http_req_connecting": {
            "p(95)": 0,
            "avg": 0.008341452388797363,
            "min": 0,
            "med": 0,
            "max": 2.316686,
            "p(90)": 0
        },
        "http_req_sending": {
            "avg": 0.09244378945634239,
            "min": 0.038515,
            "med": 0.09333,
            "max": 0.652871,
            "p(90)": 0.123876,
            "p(95)": 0.13426809999999997
        },
        "http_req_duration": {
            "avg": 7.987280264909403,
            "min": 5.564466,
            "med": 7.525119,
            "max": 20.900291,
            "p(90)": 9.9423294,
            "p(95)": 11.080253299999999
        },
        "errors": {
            "passes": 0,
            "fails": 2985,
            "thresholds": {
                "rate<0.1": false
            },
            "value": 0
        },
        "http_req_blocked": {
            "p(90)": 0.0008361999999999998,
            "p(95)": 0.0008932999999999998,
            "avg": 0.10179675782537065,
            "min": 0.000307,
            "med": 0.00055,
            "max": 55.146064
        },
        "data_received": {
            "rate": 11074.359867111389,
            "count": 3370600
        },
        "checks": {
            "passes": 2985,
            "fails": 0,
            "value": 1
        },
        "http_req_failed": {
            "passes": 0,
            "fails": 3035,
            "value": 0
        },
        "vus": {
            "value": 1,
            "min": 0,
            "max": 10
        },
        "http_req_waiting": {
            "avg": 7.780101348270192,
            "min": 5.408938,
            "med": 7.318237,
            "max": 20.742412,
            "p(90)": 9.7303512,
            "p(95)": 10.903054699999997
        },
        "http_req_receiving": {
            "avg": 0.1147351271828665,
            "min": 0.064487,
            "med": 0.111339,
            "max": 1.062978,
            "p(90)": 0.13815639999999998,
            "p(95)": 0.1561087
        },
        "vus_max": {
            "value": 10,
            "min": 10,
            "max": 10
        },
        "iteration_duration": {
            "avg": 1007.2114721999316,
            "min": 506.6479,
            "med": 1008.6220205,
            "max": 3153.462911,
            "p(90)": 1405.5000625,
            "p(95)": 1457.33845075
        },
        "iterations": {
            "count": 2985,
            "rate": 9.807442058781076
        },
        "http_req_tls_handshaking": {
            "avg": 0.07952086457990117,
            "min": 0,
            "med": 0,
            "max": 36.216347,
            "p(90)": 0,
            "p(95)": 0
        },
        "data_sent": {
            "count": 241843,
            "rate": 794.5933701245534
        },
        "http_req_duration{expected_response:true}": {
            "max": 20.900291,
            "p(90)": 9.9423294,
            "p(95)": 11.080253299999999,
            "avg": 7.987280264909403,
            "min": 5.564466,
            "med": 7.525119
        }
    }
}