{
    "metrics": {
        "http_req_failed": {
            "fails": 1413,
            "passes": 38,
            "value": 0.026188835286009647
        },
        "http_req_waiting": {
            "avg": 1158.0220646340451,
            "min": 292.296605,
            "med": 330.401705,
            "max": 30013.306001,
            "p(90)": 400.276068,
            "p(95)": 483.740249
        },
        "vus_max": {
            "value": 10,
            "min": 10,
            "max": 10
        },
        "http_req_sending": {
            "avg": 0.09572774431426613,
            "min": 0.041251,
            "med": 0.097394,
            "max": 0.468267,
            "p(90)": 0.12421,
            "p(95)": 0.13378299999999999
        },
        "vus": {
            "value": 1,
            "min": 0,
            "max": 10
        },
        "checks": {
            "passes": 1363,
            "fails": 38,
            "value": 0.9728765167737331
        },
        "http_req_duration": {
            "max": 30013.488331,
            "p(90)": 400.704356,
            "p(95)": 484.0144375,
            "avg": 1158.390143446589,
            "min": 292.559635,
            "med": 330.773349
        },
        "errors": {
            "passes": 38,
            "fails": 1363,
            "thresholds": {
                "rate<0.1": false
            },
            "value": 0.027123483226266953
        },
        "iteration_duration": {
            "p(90)": 1772.6386009,
            "p(95)": 1837.7882757000002,
            "avg": 2194.829952524962,
            "min": 803.312477,
            "med": 1356.4769935,
            "max": 31454.087694
        },
        "http_reqs": {
            "count": 1451,
            "rate": 4.219922107155492
        },
        "http_req_blocked": {
            "avg": 0.14565632598208145,
            "min": 0.000319,
            "med": 0.000557,
            "max": 54.399155,
            "p(90)": 0.000841,
            "p(95)": 0.0009105000000000001
        },
        "data_received": {
            "count": 16609288,
            "rate": 48304.54970042207
        },
        "data_sent": {
            "count": 168874,
            "rate": 491.1337876800665
        },
        "http_req_tls_handshaking": {
            "min": 0,
            "med": 0,
            "max": 35.046479,
            "p(90)": 0,
            "p(95)": 0,
            "avg": 0.10750508201240523
        },
        "http_req_receiving": {
            "p(95)": 0.4532545,
            "avg": 0.27235106822880756,
            "min": 0.098719,
            "med": 0.206161,
            "max": 7.362455,
            "p(90)": 0.423477
        },
        "iterations": {
            "count": 1401,
            "rate": 4.074507837439589
        },
        "http_req_connecting": {
            "avg": 0.010617592005513437,
            "min": 0,
            "med": 0,
            "max": 2.093949,
            "p(90)": 0,
            "p(95)": 0
        },
        "http_req_duration{expected_response:true}": {
            "med": 330.157934,
            "max": 15722.23752,
            "p(90)": 383.8649454,
            "p(95)": 420.7345583999999,
            "avg": 382.49513969780605,
            "min": 292.559635
        }
    },
    "root_group": {
        "name": "",
        "path": "",
        "id": "d41d8cd98f00b204e9800998ecf8427e",
        "groups": {
            "setup": {
                "groups": {},
                "checks": {},
                "name": "setup",
                "path": "::setup",
                "id": "5c0f8025f7e0b6654089e5b00e950f1a"
            }
        },
        "checks": {
            "status was 200": {
                "name": "status was 200",
                "path": "::status was 200",
                "id": "1461660757a913d4fb82ac4c5e1009de",
                "passes": 1363,
                "fails": 38
            }
        }
    }
}