{
    "root_group": {
        "name": "",
        "path": "",
        "id": "d41d8cd98f00b204e9800998ecf8427e",
        "groups": {
            "setup": {
                "name": "setup",
                "path": "::setup",
                "id": "5c0f8025f7e0b6654089e5b00e950f1a",
                "groups": {},
                "checks": {}
            }
        },
        "checks": {
            "status was 200": {
                "name": "status was 200",
                "path": "::status was 200",
                "id": "1461660757a913d4fb82ac4c5e1009de",
                "passes": 1600,
                "fails": 25
            }
        }
    },
    "metrics": {
        "http_req_waiting": {
            "max": 30019.802419,
            "p(90)": 447.52924540000004,
            "p(95)": 642.9091011,
            "avg": 856.8685337361185,
            "min": 311.503966,
            "med": 371.747157
        },
        "vus": {
            "value": 1,
            "min": 0,
            "max": 10
        },
        "http_req_connecting": {
            "med": 0,
            "max": 2.009568,
            "p(90)": 0,
            "p(95)": 0,
            "avg": 0.008990500298507462,
            "min": 0
        },
        "http_req_sending": {
            "avg": 0.09690133791044749,
            "min": 0.034091,
            "med": 0.096238,
            "max": 2.797353,
            "p(90)": 0.1237838,
            "p(95)": 0.13137210000000002
        },
        "iterations": {
            "count": 1625,
            "rate": 4.851262275804293
        },
        "errors": {
            "passes": 25,
            "fails": 1600,
            "thresholds": {
                "rate<0.1": false
            },
            "value": 0.015384615384615385
        },
        "http_req_tls_handshaking": {
            "avg": 0.09434455940298508,
            "min": 0,
            "med": 0,
            "max": 43.059584,
            "p(90)": 0,
            "p(95)": 0
        },
        "iteration_duration": {
            "p(90)": 1811.911344,
            "p(95)": 1892.26349775,
            "avg": 1876.640588570116,
            "min": 839.859786,
            "med": 1386.0953485,
            "max": 31496.355126
        },
        "http_req_duration{expected_response:true}": {
            "min": 311.87709,
            "med": 371.74468149999996,
            "max": 7519.219648,
            "p(90)": 438.00625990000003,
            "p(95)": 546.1715904499999,
            "avg": 415.5189580993943
        },
        "http_req_receiving": {
            "avg": 0.28828716358209006,
            "min": 0.102012,
            "med": 0.223307,
            "max": 5.803552,
            "p(90)": 0.43386900000000006,
            "p(95)": 0.4618083
        },
        "vus_max": {
            "value": 10,
            "min": 10,
            "max": 10
        },
        "checks": {
            "passes": 1600,
            "fails": 25,
            "value": 0.9846153846153847
        },
        "http_req_failed": {
            "passes": 25,
            "fails": 1650,
            "value": 0.014925373134328358
        },
        "data_received": {
            "count": 18313998,
            "rate": 54674.46622557248
        },
        "http_reqs": {
            "rate": 5.00053188429058,
            "count": 1675
        },
        "http_req_blocked": {
            "avg": 0.11695294626865689,
            "min": 0.000285,
            "med": 0.000557,
            "max": 63.071476,
            "p(90)": 0.00084,
            "p(95)": 0.0009235999999999999
        },
        "http_req_duration": {
            "p(90)": 447.81247240000005,
            "p(95)": 643.2679462,
            "avg": 857.2537222376116,
            "min": 311.87709,
            "med": 372.104423,
            "max": 30020.016026
        },
        "data_sent": {
            "count": 193437,
            "rate": 577.485305135234
        }
    }
}