{
    "metrics": {
        "errors": {
            "passes": 11,
            "fails": 1835,
            "thresholds": {
                "rate<0.1": false
            },
            "value": 0.005958829902491874
        },
        "http_req_connecting": {
            "p(95)": 0,
            "avg": 0.009885554324894514,
            "min": 0,
            "med": 0,
            "max": 1.864084,
            "p(90)": 0
        },
        "http_req_tls_handshaking": {
            "p(90)": 0,
            "p(95)": 0,
            "avg": 0.09727705959915611,
            "min": 0,
            "med": 0,
            "max": 54.40911
        },
        "vus_max": {
            "value": 10,
            "min": 10,
            "max": 10
        },
        "http_req_blocked": {
            "avg": 0.13080094620253163,
            "min": 0.000302,
            "med": 0.000554,
            "max": 74.004876,
            "p(90)": 0.0008415,
            "p(95)": 0.00090925
        },
        "data_sent": {
            "count": 219572,
            "rate": 644.9582238509541
        },
        "iterations": {
            "count": 1846,
            "rate": 5.422334729514061
        },
        "http_req_duration": {
            "med": 391.610228,
            "max": 30014.03171,
            "p(90)": 498.53808100000003,
            "p(95)": 820.91913,
            "avg": 621.0916692352315,
            "min": 317.981934
        },
        "http_req_receiving": {
            "p(90)": 0.448971,
            "p(95)": 0.48604775,
            "avg": 0.2925146165611813,
            "min": 0.106913,
            "med": 0.230203,
            "max": 3.925489
        },
        "checks": {
            "passes": 1835,
            "fails": 11,
            "value": 0.9940411700975081
        },
        "data_received": {
            "count": 20918128,
            "rate": 61443.71177184209
        },
        "http_reqs": {
            "count": 1896,
            "rate": 5.569201867366554
        },
        "http_req_waiting": {
            "max": 30013.769633,
            "p(90)": 498.04172800000003,
            "p(95)": 820.4192330000001,
            "avg": 620.7007076930383,
            "min": 317.664005,
            "med": 391.1506455
        },
        "iteration_duration": {
            "med": 1453.337257,
            "max": 31451.221366,
            "p(90)": 1860.0512058000002,
            "p(95)": 1938.4411753999998,
            "avg": 1650.1874354147255,
            "min": 857.282024
        },
        "http_req_failed": {
            "passes": 11,
            "fails": 1885,
            "value": 0.0058016877637130804
        },
        "http_req_sending": {
            "med": 0.1005185,
            "max": 0.271948,
            "p(90)": 0.1279685,
            "p(95)": 0.1400985,
            "avg": 0.09844692563291155,
            "min": 0.03309
        },
        "http_req_duration{expected_response:true}": {
            "max": 15899.066136,
            "p(90)": 490.62342320000045,
            "p(95)": 717.1803785999987,
            "avg": 449.5891738641909,
            "min": 317.981934,
            "med": 391.413763
        },
        "vus": {
            "value": 1,
            "min": 0,
            "max": 10
        }
    },
    "root_group": {
        "name": "",
        "path": "",
        "id": "d41d8cd98f00b204e9800998ecf8427e",
        "groups": {
            "setup": {
                "path": "::setup",
                "id": "5c0f8025f7e0b6654089e5b00e950f1a",
                "groups": {},
                "checks": {},
                "name": "setup"
            }
        },
        "checks": {
            "status was 200": {
                "path": "::status was 200",
                "id": "1461660757a913d4fb82ac4c5e1009de",
                "passes": 1835,
                "fails": 11,
                "name": "status was 200"
            }
        }
    }
}