{
    "root_group": {
        "path": "",
        "id": "d41d8cd98f00b204e9800998ecf8427e",
        "groups": {},
        "checks": {
                "status was 200": {
                    "id": "1461660757a913d4fb82ac4c5e1009de",
                    "passes": 2363,
                    "fails": 0,
                    "name": "status was 200",
                    "path": "::status was 200"
                },
                "content matches expected": {
                    "path": "::content matches expected",
                    "id": "caeacfe35c3a2dedc8513ba8f9fab55e",
                    "passes": 2363,
                    "fails": 0,
                    "name": "content matches expected"
                }
            },
        "name": ""
    },
    "metrics": {
        "vus": {
            "value": 1,
            "min": 1,
            "max": 10
        },
        "vus_max": {
            "value": 10,
            "min": 10,
            "max": 10
        },
        "http_reqs": {
            "count": 2363,
            "rate": 7.847132967970602
        },
        "http_req_blocked": {
            "avg": 0.6782106652560336,
            "min": 0.002175,
            "med": 0.005196,
            "max": 312.587207,
            "p(90)": 0.0067816000000000005,
            "p(95)": 0.007242500000000001
        },
        "http_req_connecting": {
            "med": 0,
            "max": 12.432001,
            "p(90)": 0,
            "p(95)": 0,
            "avg": 0.05072051544646635,
            "min": 0
        },
        "wrong body": {
            "passes": 2363,
            "fails": 0,
            "value": 1
        },
        "data_sent": {
            "count": 748395,
            "rate": 2485.2962664258816
        },
        "http_req_duration{expected_response:true}": {
            "p(95)": 372.83036710000005,
            "avg": 272.44507920820996,
            "min": 203.543073,
            "med": 246.830098,
            "max": 1936.62001,
            "p(90)": 310.2295672
        },
        "http_req_duration": {
            "avg": 272.44507920820996,
            "min": 203.543073,
            "med": 246.830098,
            "max": 1936.62001,
            "p(90)": 310.2295672,
            "p(95)": 372.83036710000005
        },
        "errors": {
            "passes": 0,
            "fails": 2363,
            "thresholds": {
                "rate<0.1": false
            },
            "value": 0
        },
        "data_received": {
            "count": 27854878,
            "rate": 92501.45216783708
        },
        "http_req_tls_handshaking": {
            "med": 0,
            "max": 274.423713,
            "p(90)": 0,
            "p(95)": 0,
            "avg": 0.5098569432924249,
            "min": 0
        },
        "http_req_sending": {
            "avg": 0.032310951756242,
            "min": 0.010931,
            "med": 0.031245,
            "max": 0.196291,
            "p(90)": 0.041530600000000015,
            "p(95)": 0.04946300000000003
        },
        "checks": {
            "passes": 4726,
            "fails": 0,
            "value": 1
        },
        "http_req_failed": {
            "passes": 0,
            "fails": 2363,
            "value": 0
        },
        "http_req_waiting": {
            "p(90)": 310.1074808,
            "p(95)": 372.7098086000001,
            "avg": 272.2975599856115,
            "min": 203.424364,
            "med": 246.679222,
            "max": 1936.408339
        },
        "iterations": {
            "count": 2363,
            "rate": 7.847132967970602
        },
        "http_req_receiving": {
            "med": 0.101197,
            "max": 12.701777,
            "p(90)": 0.13347,
            "p(95)": 0.15097690000000002,
            "avg": 0.11520827084215,
            "min": 0.039855
        },
        "iteration_duration": {
            "med": 1269.258425,
            "max": 3267.182732,
            "p(90)": 1668.9174438,
            "p(95)": 1726.5290528,
            "avg": 1272.5012684333471,
            "min": 715.619938
        }
    }
}