{
    "metrics": {
        "iteration_duration": {
            "med": 1416.076041,
            "max": 31421.5133,
            "p(90)": 1821.0595856,
            "p(95)": 1874.0066310999998,
            "avg": 1627.9045882118162,
            "min": 850.092881
        },
        "data_sent": {
            "count": 223171,
            "rate": 646.8892243697878
        },
        "http_req_duration{expected_response:true}": {
            "med": 378.955404,
            "max": 15646.819858,
            "p(90)": 449.581545,
            "p(95)": 494.35929600000003,
            "avg": 417.2574411435283,
            "min": 327.112662
        },
        "http_req_blocked": {
            "avg": 0.11988511566390046,
            "min": 0.000331,
            "med": 0.000572,
            "max": 55.712888,
            "p(90)": 0.000857,
            "p(95)": 0.000912
        },
        "http_req_duration": {
            "max": 30015.442435,
            "p(90)": 451.28760059999996,
            "p(95)": 505.78568009999987,
            "avg": 601.4491385005185,
            "min": 327.112662,
            "med": 379.1303155
        },
        "data_received": {
            "count": 21260360,
            "rate": 61625.82858087503
        },
        "http_req_receiving": {
            "avg": 0.2921053236514523,
            "min": 0.100983,
            "med": 0.22622399999999998,
            "max": 3.724439,
            "p(90)": 0.444117,
            "p(95)": 0.4870663999999998
        },
        "http_req_tls_handshaking": {
            "max": 36.689071,
            "p(90)": 0,
            "p(95)": 0,
            "avg": 0.09049322095435684,
            "min": 0,
            "med": 0
        },
        "http_req_connecting": {
            "avg": 0.00945594190871369,
            "min": 0,
            "med": 0,
            "max": 1.887167,
            "p(90)": 0,
            "p(95)": 0
        },
        "iterations": {
            "count": 1878,
            "rate": 5.443619302536895
        },
        "vus": {
            "min": 0,
            "max": 10,
            "value": 1
        },
        "http_req_waiting": {
            "p(95)": 505.38738809999984,
            "avg": 601.0533630783187,
            "min": 326.616578,
            "med": 378.706194,
            "max": 30015.232088,
            "p(90)": 451.0178975
        },
        "errors": {
            "passes": 12,
            "fails": 1866,
            "thresholds": {
                "rate<0.1": false
            },
            "value": 0.006389776357827476
        },
        "http_req_sending": {
            "avg": 0.1036700985477179,
            "min": 0.03936,
            "med": 0.1047805,
            "max": 0.980344,
            "p(90)": 0.1302926,
            "p(95)": 0.13860369999999994
        },
        "vus_max": {
            "value": 10,
            "min": 10,
            "max": 10
        },
        "http_req_failed": {
            "passes": 12,
            "fails": 1916,
            "value": 0.006224066390041493
        },
        "checks": {
            "passes": 1866,
            "fails": 12,
            "value": 0.9936102236421726
        },
        "http_reqs": {
            "count": 1928,
            "rate": 5.5885505938717435
        }
    },
    "root_group": {
        "name": "",
        "path": "",
        "id": "d41d8cd98f00b204e9800998ecf8427e",
        "groups": {
            "setup": {
                "id": "5c0f8025f7e0b6654089e5b00e950f1a",
                "groups": {},
                "checks": {},
                "name": "setup",
                "path": "::setup"
            }
        },
        "checks": {
            "status was 200": {
                "passes": 1866,
                "fails": 12,
                "name": "status was 200",
                "path": "::status was 200",
                "id": "1461660757a913d4fb82ac4c5e1009de"
            }
        }
    }
}