{
    "root_group": {
        "name": "",
        "path": "",
        "id": "d41d8cd98f00b204e9800998ecf8427e",
        "groups": {},
        "checks": {
                "status was 200": {
                    "id": "1461660757a913d4fb82ac4c5e1009de",
                    "passes": 2288,
                    "fails": 0,
                    "name": "status was 200",
                    "path": "::status was 200"
                },
                "content matches expected": {
                    "name": "content matches expected",
                    "path": "::content matches expected",
                    "id": "caeacfe35c3a2dedc8513ba8f9fab55e",
                    "passes": 2288,
                    "fails": 0
                }
            }
    },
    "metrics": {
        "wrong body": {
            "passes": 2288,
            "fails": 0,
            "value": 1
        },
        "data_received": {
            "count": 25497833,
            "rate": 84626.76894178845
        },
        "vus_max": {
            "value": 10,
            "min": 10,
            "max": 10
        },
        "http_req_duration{expected_response:true}": {
            "p(95)": 416.6033069000001,
            "avg": 323.26868112849604,
            "min": 233.967721,
            "med": 286.297524,
            "max": 3959.497397,
            "p(90)": 355.5968600000001
        },
        "data_sent": {
            "count": 733922,
            "rate": 2435.8716097675933
        },
        "errors": {
            "passes": 0,
            "fails": 2288,
            "thresholds": {
                "rate<0.1": false
            },
            "value": 0
        },
        "vus": {
            "min": 1,
            "max": 10,
            "value": 1
        },
        "iteration_duration": {
            "med": 1299.6998915,
            "max": 5200.332249,
            "p(90)": 1698.0876005,
            "p(95)": 1756.0527263,
            "avg": 1313.1308738889857,
            "min": 758.672851
        },
        "iterations": {
            "count": 2288,
            "rate": 7.593823653124247
        },
        "http_req_duration": {
            "max": 3959.497397,
            "p(90)": 355.5968600000001,
            "p(95)": 416.6033069000001,
            "avg": 323.26868112849604,
            "min": 233.967721,
            "med": 286.297524
        },
        "http_req_tls_handshaking": {
            "avg": 0.2658799117132867,
            "min": 0,
            "med": 0,
            "max": 62.165206,
            "p(90)": 0,
            "p(95)": 0
        },
        "http_req_sending": {
            "avg": 0.031351731206293754,
            "min": 0.010749,
            "med": 0.030593000000000002,
            "max": 0.185228,
            "p(90)": 0.0410963,
            "p(95)": 0.04883975000000001
        },
        "http_req_blocked": {
            "avg": 0.46209837674825194,
            "min": 0.002543,
            "med": 0.0051129999999999995,
            "max": 105.661069,
            "p(90)": 0.0068053,
            "p(95)": 0.007582300000000005
        },
        "http_req_connecting": {
            "avg": 0.05198681118881118,
            "min": 0,
            "med": 0,
            "max": 12.313936,
            "p(90)": 0,
            "p(95)": 0
        },
        "http_req_failed": {
            "passes": 0,
            "fails": 2288,
            "value": 0
        },
        "http_reqs": {
            "count": 2288,
            "rate": 7.593823653124247
        },
        "http_req_receiving": {
            "max": 43.553709,
            "p(90)": 0.12809700000000002,
            "p(95)": 0.14360575,
            "avg": 0.13808356293706325,
            "min": 0.049857,
            "med": 0.0977065
        },
        "http_req_waiting": {
            "med": 286.175512,
            "max": 3959.384791,
            "p(90)": 355.47037580000006,
            "p(95)": 416.47453005000017,
            "avg": 323.09924583435384,
            "min": 233.837443
        },
        "checks": {
            "passes": 4576,
            "fails": 0,
            "value": 1
        }
    }
}