{
    "root_group": {
        "name": "",
        "path": "",
        "id": "d41d8cd98f00b204e9800998ecf8427e",
        "groups": {
            "setup": {
                "path": "::setup",
                "id": "5c0f8025f7e0b6654089e5b00e950f1a",
                "groups": {},
                "checks": {},
                "name": "setup"
            }
        },
        "checks": {
            "status was 200": {
                "fails": 37,
                "name": "status was 200",
                "path": "::status was 200",
                "id": "1461660757a913d4fb82ac4c5e1009de",
                "passes": 1346
            }
        }
    },
    "metrics": {
        "http_req_receiving": {
            "min": 0.09772,
            "med": 0.21883,
            "max": 2.052458,
            "p(90)": 0.4565876,
            "p(95)": 0.5081451999999997,
            "avg": 0.28765154152128386
        },
        "data_received": {
            "rate": 47104.724884605275,
            "count": 16410757
        },
        "http_req_waiting": {
            "avg": 1164.6083902951832,
            "min": 290.64216,
            "med": 329.565166,
            "max": 30016.175043,
            "p(90)": 405.494671,
            "p(95)": 511.8550231999999
        },
        "errors": {
            "passes": 37,
            "fails": 1346,
            "thresholds": {
                "rate<0.1": false
            },
            "value": 0.02675343456254519
        },
        "vus_max": {
            "value": 10,
            "min": 10,
            "max": 10
        },
        "checks": {
            "passes": 1346,
            "fails": 37,
            "value": 0.9732465654374548
        },
        "http_req_blocked": {
            "p(90)": 0.000866,
            "p(95)": 0.0009357999999999997,
            "avg": 0.16195463782274955,
            "min": 0.000324,
            "med": 0.000574,
            "max": 60.708765
        },
        "iterations": {
            "count": 1383,
            "rate": 3.969703196227273
        },
        "http_req_duration": {
            "avg": 1165.004966563852,
            "min": 290.933879,
            "med": 329.962943,
            "max": 30016.422115,
            "p(90)": 405.95698899999996,
            "p(95)": 512.2422285999999
        },
        "http_req_duration{expected_response:true}": {
            "p(95)": 426.30674725,
            "avg": 400.50340707879707,
            "min": 290.933879,
            "med": 329.2219055,
            "max": 15799.275129,
            "p(90)": 391.593663
        },
        "http_req_failed": {
            "passes": 37,
            "fails": 1396,
            "value": 0.025819958129797628
        },
        "http_req_connecting": {
            "med": 0,
            "max": 2.288762,
            "p(90)": 0,
            "p(95)": 0,
            "avg": 0.011091408932309841,
            "min": 0
        },
        "http_reqs": {
            "rate": 4.11322102689348,
            "count": 1433
        },
        "iteration_duration": {
            "avg": 2207.605361790461,
            "min": 805.789668,
            "med": 1359.6384155,
            "max": 31502.409777,
            "p(90)": 1772.7829390000002,
            "p(95)": 1842.9977669999998
        },
        "data_sent": {
            "count": 166985,
            "rate": 479.30649907593
        },
        "http_req_tls_handshaking": {
            "avg": 0.11575310956036286,
            "min": 0,
            "med": 0,
            "max": 38.744819,
            "p(90)": 0,
            "p(95)": 0
        },
        "http_req_sending": {
            "p(90)": 0.13503980000000002,
            "p(95)": 0.1467051999999999,
            "avg": 0.10892472714584783,
            "min": 0.035518,
            "med": 0.10668,
            "max": 0.245082
        },
        "vus": {
            "value": 1,
            "min": 0,
            "max": 10
        }
    }
}