{
    "root_group": {
        "groups": {
            "setup": {
                "path": "::setup",
                "id": "5c0f8025f7e0b6654089e5b00e950f1a",
                "groups": {},
                "checks": {},
                "name": "setup"
            }
        },
        "checks": {
            "status was 200": {
                "path": "::status was 200",
                "id": "1461660757a913d4fb82ac4c5e1009de",
                "passes": 1891,
                "fails": 12,
                "name": "status was 200"
            }
        },
        "name": "",
        "path": "",
        "id": "d41d8cd98f00b204e9800998ecf8427e"
    },
    "metrics": {
        "data_sent": {
            "count": 224900,
            "rate": 662.7608076525175
        },
        "http_req_sending": {
            "p(95)": 0.13485779999999997,
            "avg": 0.09350022734255001,
            "min": 0.042458,
            "med": 0.093377,
            "max": 0.412552,
            "p(90)": 0.1243452
        },
        "http_req_duration": {
            "p(95)": 554.3302337999997,
            "avg": 577.7989887834104,
            "min": 90.126547,
            "med": 386.053844,
            "max": 30020.073565,
            "p(90)": 472.17283499999996
        },
        "http_req_blocked": {
            "avg": 0.12778830619559664,
            "min": 0.000325,
            "med": 0.000559,
            "max": 73.454581,
            "p(90)": 0.000844,
            "p(95)": 0.0009017999999999997
        },
        "vus": {
            "value": 1,
            "min": 0,
            "max": 10
        },
        "data_received": {
            "count": 21531250,
            "rate": 63450.727611241746
        },
        "iteration_duration": {
            "avg": 1599.3273767253152,
            "min": 752.479079,
            "med": 1414.285255,
            "max": 31416.374378,
            "p(90)": 1821.826739,
            "p(95)": 1872.78140125
        },
        "http_req_duration{expected_response:true}": {
            "p(95)": 527.779312,
            "avg": 411.2460576022673,
            "min": 314.745984,
            "med": 385.878188,
            "max": 3402.381936,
            "p(90)": 468.367688
        },
        "http_req_tls_handshaking": {
            "p(90)": 0,
            "p(95)": 0,
            "avg": 0.09212441116231439,
            "min": 0,
            "med": 0,
            "max": 40.765624
        },
        "vus_max": {
            "value": 10,
            "min": 10,
            "max": 10
        },
        "iterations": {
            "count": 1903,
            "rate": 5.607976064752071
        },
        "http_reqs": {
            "count": 1953,
            "rate": 5.755321731193272
        },
        "http_req_connecting": {
            "avg": 0.009394964669738864,
            "min": 0,
            "med": 0,
            "max": 2.409435,
            "p(90)": 0,
            "p(95)": 0
        },
        "http_req_waiting": {
            "avg": 577.4175036600099,
            "min": 89.902234,
            "med": 385.627375,
            "max": 30019.827222,
            "p(90)": 471.9265536,
            "p(95)": 553.8841075999998
        },
        "http_req_failed": {
            "passes": 12,
            "fails": 1941,
            "value": 0.006144393241167435
        },
        "checks": {
            "passes": 1891,
            "fails": 12,
            "value": 0.9936941671045717
        },
        "http_req_receiving": {
            "avg": 0.28798489605734773,
            "min": 0.090458,
            "med": 0.217022,
            "max": 7.682407,
            "p(90)": 0.43699,
            "p(95)": 0.4701482
        },
        "errors": {
            "passes": 12,
            "fails": 1891,
            "thresholds": {
                "rate<0.1": false
            },
            "value": 0.006305832895428271
        }
    }
}