{
    "root_group": {
        "path": "",
        "id": "d41d8cd98f00b204e9800998ecf8427e",
        "groups": {},
        "checks": {
                "status was 200": {
                    "name": "status was 200",
                    "path": "::status was 200",
                    "id": "1461660757a913d4fb82ac4c5e1009de",
                    "passes": 2378,
                    "fails": 0
                },
                "content matches expected": {
                    "passes": 2378,
                    "fails": 0,
                    "name": "content matches expected",
                    "path": "::content matches expected",
                    "id": "caeacfe35c3a2dedc8513ba8f9fab55e"
                }
            },
        "name": ""
    },
    "metrics": {
        "wrong body": {
            "passes": 2378,
            "fails": 0,
            "value": 1
        },
        "checks": {
            "passes": 4756,
            "fails": 0,
            "value": 1
        },
        "vus_max": {
            "value": 10,
            "min": 10,
            "max": 10
        },
        "http_req_waiting": {
            "avg": 265.8507564280913,
            "min": 199.277117,
            "med": 244.759887,
            "max": 1298.564697,
            "p(90)": 303.34712520000005,
            "p(95)": 359.0957761000003
        },
        "http_req_connecting": {
            "med": 0,
            "max": 12.271903,
            "p(90)": 0,
            "p(95)": 0,
            "avg": 0.048974385197645076,
            "min": 0
        },
        "http_req_receiving": {
            "avg": 0.16812760008410446,
            "min": 0.042902,
            "med": 0.097438,
            "max": 44.226649,
            "p(90)": 0.12901,
            "p(95)": 0.14329005000000003
        },
        "http_req_sending": {
            "avg": 0.030622438603868738,
            "min": 0.009961,
            "med": 0.0300345,
            "max": 0.209929,
            "p(90)": 0.039890600000000005,
            "p(95)": 0.04698215000000001
        },
        "http_req_tls_handshaking": {
            "max": 58.870001,
            "p(90)": 0,
            "p(95)": 0,
            "avg": 0.24301694953742636,
            "min": 0,
            "med": 0
        },
        "data_received": {
            "count": 28032937,
            "rate": 93127.85310637635
        },
        "vus": {
            "max": 10,
            "value": 1,
            "min": 1
        },
        "errors": {
            "passes": 0,
            "fails": 2378,
            "thresholds": {
                "rate<0.1": false
            },
            "value": 0
        },
        "http_req_duration{expected_response:true}": {
            "avg": 266.04950646677804,
            "min": 199.380459,
            "med": 244.9296315,
            "max": 1298.681082,
            "p(90)": 303.46281480000005,
            "p(95)": 361.73031940000004
        },
        "iterations": {
            "rate": 7.899922676206313,
            "count": 2378
        },
        "http_req_failed": {
            "passes": 0,
            "fails": 2378,
            "value": 0
        },
        "http_req_blocked": {
            "avg": 0.33625842682926677,
            "min": 0.002296,
            "med": 0.0049935,
            "max": 80.382834,
            "p(90)": 0.006674500000000001,
            "p(95)": 0.007544350000000004
        },
        "data_sent": {
            "count": 753120,
            "rate": 2501.9300949976864
        },
        "http_reqs": {
            "count": 2378,
            "rate": 7.899922676206313
        },
        "http_req_duration": {
            "med": 244.9296315,
            "max": 1298.681082,
            "p(90)": 303.46281480000005,
            "p(95)": 361.73031940000004,
            "avg": 266.04950646677804,
            "min": 199.380459
        },
        "iteration_duration": {
            "avg": 1263.6564674184194,
            "min": 720.146176,
            "med": 1263.663695,
            "max": 2761.823051,
            "p(90)": 1677.9818222000001,
            "p(95)": 1727.0292595
        }
    }
}