{
    "root_group": {
        "name": "",
        "path": "",
        "id": "d41d8cd98f00b204e9800998ecf8427e",
        "groups": {
            "setup": {
                "name": "setup",
                "path": "::setup",
                "id": "5c0f8025f7e0b6654089e5b00e950f1a",
                "groups": {},
                "checks": {}
            }
        },
        "checks": {
            "status was 200": {
                "name": "status was 200",
                "path": "::status was 200",
                "id": "1461660757a913d4fb82ac4c5e1009de",
                "passes": 1738,
                "fails": 15
            }
        }
    },
    "metrics": {
        "http_req_receiving": {
            "med": 0.240711,
            "max": 6.743359,
            "p(90)": 0.46769299999999997,
            "p(95)": 0.5139323,
            "avg": 0.3074675097060451,
            "min": 0.103577
        },
        "errors": {
            "passes": 15,
            "fails": 1738,
            "thresholds": {
                "rate<0.1": false
            },
            "value": 0.008556759840273816
        },
        "http_req_tls_handshaking": {
            "min": 0,
            "med": 0,
            "max": 38.86381,
            "p(90)": 0,
            "p(95)": 0,
            "avg": 0.09963250859678315
        },
        "http_req_blocked": {
            "avg": 0.14128677925679411,
            "min": 0.000288,
            "med": 0.000576,
            "max": 73.476339,
            "p(90)": 0.0008638,
            "p(95)": 0.000943
        },
        "data_sent": {
            "count": 208780,
            "rate": 618.5463242607788
        },
        "http_req_duration{expected_response:true}": {
            "p(90)": 492.4807407,
            "p(95)": 561.15297545,
            "avg": 459.4708390117448,
            "min": 316.468506,
            "med": 379.155512,
            "max": 16040.734651
        },
        "http_req_duration": {
            "max": 30020.573321,
            "p(90)": 500.24514899999997,
            "p(95)": 585.4113114999999,
            "avg": 705.3232010299513,
            "min": 316.468506,
            "med": 379.656716
        },
        "http_req_connecting": {
            "avg": 0.011906071547420963,
            "min": 0,
            "med": 0,
            "max": 3.470936,
            "p(90)": 0,
            "p(95)": 0
        },
        "http_req_sending": {
            "p(90)": 0.1362674,
            "p(95)": 0.14931329999999995,
            "avg": 0.11206569717138093,
            "min": 0.039987,
            "med": 0.108497,
            "max": 1.719714
        },
        "http_req_waiting": {
            "p(95)": 585.1602658999999,
            "avg": 704.903667823072,
            "min": 315.937877,
            "med": 379.002617,
            "max": 30020.387477,
            "p(90)": 499.93912099999994
        },
        "iterations": {
            "count": 1753,
            "rate": 5.19356119565641
        },
        "http_reqs": {
            "rate": 5.341694715213067,
            "count": 1803
        },
        "vus": {
            "max": 10,
            "value": 2,
            "min": 0
        },
        "checks": {
            "passes": 1738,
            "fails": 15,
            "value": 0.9914432401597262
        },
        "data_received": {
            "count": 19843877,
            "rate": 58790.8668331881
        },
        "vus_max": {
            "value": 10,
            "min": 10,
            "max": 10
        },
        "iteration_duration": {
            "p(95)": 1894.43417615,
            "avg": 1733.521221857467,
            "min": 834.260417,
            "med": 1422.109388,
            "max": 36293.922961,
            "p(90)": 1834.5535646
        },
        "http_req_failed": {
            "fails": 1788,
            "passes": 15,
            "value": 0.008319467554076539
        }
    }
}