{
    "metrics": {
        "data_sent": {
            "rate": 490.08613646188576,
            "count": 169010
        },
        "http_req_tls_handshaking": {
            "avg": 0.10452564976010967,
            "min": 0,
            "med": 0,
            "max": 35.394061,
            "p(90)": 0,
            "p(95)": 0
        },
        "http_req_waiting": {
            "p(95)": 485.91202379999976,
            "avg": 1138.9832254407127,
            "min": 287.383997,
            "med": 329.382754,
            "max": 30016.156074,
            "p(90)": 397.0844124
        },
        "http_req_failed": {
            "passes": 37,
            "fails": 1422,
            "value": 0.025359835503769704
        },
        "data_received": {
            "count": 16708922,
            "rate": 48451.63616012665
        },
        "http_req_duration{expected_response:true}": {
            "avg": 388.16058419831234,
            "min": 287.688735,
            "med": 328.88405550000004,
            "max": 15662.012116,
            "p(90)": 382.935901,
            "p(95)": 419.9093699
        },
        "iteration_duration": {
            "avg": 2192.376908972342,
            "min": 811.034052,
            "med": 1373.5902154999999,
            "max": 31477.32257,
            "p(90)": 1776.5970656,
            "p(95)": 1847.6303963999997
        },
        "vus_max": {
            "value": 10,
            "min": 10,
            "max": 10
        },
        "http_req_duration": {
            "med": 329.673647,
            "max": 30016.387372,
            "p(90)": 397.6380618,
            "p(95)": 486.8295094999998,
            "avg": 1139.3582656442768,
            "min": 287.688735
        },
        "vus": {
            "value": 1,
            "min": 0,
            "max": 10
        },
        "errors": {
            "passes": 37,
            "fails": 1372,
            "thresholds": {
                "rate<0.1": false
            },
            "value": 0.0262597586941093
        },
        "http_req_blocked": {
            "avg": 0.1383774674434543,
            "min": 0.000304,
            "med": 0.000567,
            "max": 67.003608,
            "p(90)": 0.0008472,
            "p(95)": 0.0009111
        },
        "checks": {
            "passes": 1372,
            "fails": 37,
            "value": 0.9737402413058907
        },
        "http_req_sending": {
            "min": 0.035338,
            "med": 0.10122,
            "max": 2.524355,
            "p(90)": 0.126304,
            "p(95)": 0.13758299999999998,
            "avg": 0.10210323851953387
        },
        "http_req_receiving": {
            "med": 0.212487,
            "max": 3.966939,
            "p(90)": 0.43101740000000005,
            "p(95)": 0.46569589999999994,
            "avg": 0.27293696504455084,
            "min": 0.101857
        },
        "http_reqs": {
            "count": 1459,
            "rate": 4.2307299751369225
        },
        "iterations": {
            "count": 1409,
            "rate": 4.085742655906733
        },
        "http_req_connecting": {
            "min": 0,
            "med": 0,
            "max": 1.845814,
            "p(90)": 0,
            "p(95)": 0,
            "avg": 0.010209608636052091
        }
    },
    "root_group": {
        "name": "",
        "path": "",
        "id": "d41d8cd98f00b204e9800998ecf8427e",
        "groups": {
            "setup": {
                "id": "5c0f8025f7e0b6654089e5b00e950f1a",
                "groups": {},
                "checks": {},
                "name": "setup",
                "path": "::setup"
            }
        },
        "checks": {
            "status was 200": {
                "name": "status was 200",
                "path": "::status was 200",
                "id": "1461660757a913d4fb82ac4c5e1009de",
                "passes": 1372,
                "fails": 37
            }
        }
    }
}