{
    "metrics": {
        "http_req_tls_handshaking": {
            "min": 0,
            "med": 0,
            "max": 39.223375,
            "p(90)": 0,
            "p(95)": 0,
            "avg": 0.08166870860927153
        },
        "http_req_connecting": {
            "avg": 0.009035406732891833,
            "min": 0,
            "med": 0,
            "max": 2.140622,
            "p(90)": 0,
            "p(95)": 0
        },
        "http_req_failed": {
            "passes": 14,
            "fails": 1798,
            "value": 0.00772626931567329
        },
        "vus_max": {
            "value": 10,
            "min": 10,
            "max": 10
        },
        "checks": {
            "passes": 1748,
            "fails": 14,
            "value": 0.9920544835414302
        },
        "http_req_sending": {
            "min": 0.044724,
            "med": 0.1002455,
            "max": 0.933722,
            "p(90)": 0.1274167,
            "p(95)": 0.13827405,
            "avg": 0.09975938189845472
        },
        "errors": {
            "passes": 14,
            "fails": 1748,
            "thresholds": {
                "rate<0.1": false
            },
            "value": 0.007945516458569807
        },
        "vus": {
            "value": 1,
            "min": 0,
            "max": 10
        },
        "http_req_waiting": {
            "min": 325.593385,
            "med": 389.432998,
            "max": 30012.226635,
            "p(90)": 489.1402819000001,
            "p(95)": 673.5751727499992,
            "avg": 700.2306630877478
        },
        "iteration_duration": {
            "min": 847.268357,
            "med": 1430.664023,
            "max": 31501.185219,
            "p(90)": 1847.2064401999999,
            "p(95)": 1934.3930781,
            "avg": 1728.5797983250138
        },
        "http_req_receiving": {
            "p(95)": 0.4881425499999999,
            "avg": 0.2950834552980136,
            "min": 0.099535,
            "med": 0.225976,
            "max": 4.159585,
            "p(90)": 0.4526316000000001
        },
        "http_req_duration": {
            "min": 325.884566,
            "med": 389.75827000000004,
            "max": 30012.459431,
            "p(90)": 489.43561280000006,
            "p(95)": 674.0237178499993,
            "avg": 700.625505924946
        },
        "http_req_duration{expected_response:true}": {
            "min": 325.884566,
            "med": 389.65119500000003,
            "max": 15851.302255,
            "p(90)": 481.1877218,
            "p(95)": 614.8817673499988,
            "avg": 472.4096233743054
        },
        "iterations": {
            "count": 1762,
            "rate": 5.0118605718120435
        },
        "data_received": {
            "count": 19943588,
            "rate": 56727.856048617374
        },
        "http_reqs": {
            "count": 1812,
            "rate": 5.154081359888435
        },
        "data_sent": {
            "count": 208483,
            "rate": 593.0123312106075
        },
        "http_req_blocked": {
            "med": 0.000561,
            "max": 73.520968,
            "p(90)": 0.00084,
            "p(95)": 0.000913,
            "avg": 0.11125358885209725,
            "min": 0.000309
        }
    },
    "root_group": {
        "path": "",
        "id": "d41d8cd98f00b204e9800998ecf8427e",
        "groups": {
            "setup": {
                "name": "setup",
                "path": "::setup",
                "id": "5c0f8025f7e0b6654089e5b00e950f1a",
                "groups": {},
                "checks": {}
            }
        },
        "checks": {
            "status was 200": {
                "fails": 14,
                "name": "status was 200",
                "path": "::status was 200",
                "id": "1461660757a913d4fb82ac4c5e1009de",
                "passes": 1748
            }
        },
        "name": ""
    }
}